{
  "method": "A_prime_SVM_FT_CLS",
  "accuracy": 0.605,
  "macro_f1": 0.565862860863714,
  "weighted_f1": 0.5978183349936966,
  "per_class": {
    "Implicit Negative": {
      "f1": 0.6601941747572816,
      "precision": 0.6276923076923077,
      "recall": 0.6962457337883959
    },
    "Implicit Positive": {
      "f1": 0.6327160493827161,
      "precision": 0.6101190476190477,
      "recall": 0.657051282051282
    },
    "Negative": {
      "f1": 0.6727272727272727,
      "precision": 0.7115384615384616,
      "recall": 0.6379310344827587
    },
    "Neutral": {
      "f1": 0.5468451242829828,
      "precision": 0.556420233463035,
      "recall": 0.5375939849624061
    },
    "Positive": {
      "f1": 0.31683168316831684,
      "precision": 0.5333333333333333,
      "recall": 0.22535211267605634
    }
  }
}