{
  "method": "SVM (BERT-CCPoem CLS, no finetune)",
  "test_size": 1000,
  "accuracy": 0.399,
  "macro_f1": 0.35793074134953573,
  "weighted_f1": 0.39813298054414864,
  "per_class": {
    "Implicit Negative": {
      "precision": 0.4110429447852761,
      "recall": 0.45733788395904434,
      "f1": 0.43295638126009695,
      "support": 293.0
    },
    "Implicit Positive": {
      "precision": 0.48184818481848185,
      "recall": 0.46794871794871795,
      "f1": 0.47479674796747967,
      "support": 312.0
    },
    "Negative": {
      "precision": 0.21311475409836064,
      "recall": 0.22413793103448276,
      "f1": 0.2184873949579832,
      "support": 58.0
    },
    "Neutral": {
      "precision": 0.3346613545816733,
      "recall": 0.3157894736842105,
      "f1": 0.32495164410058025,
      "support": 266.0
    },
    "Positive": {
      "precision": 0.3728813559322034,
      "recall": 0.30985915492957744,
      "f1": 0.3384615384615385,
      "support": 71.0
    }
  },
  "confusion_matrix": [
    [
      134,
      51,
      37,
      66,
      5
    ],
    [
      58,
      146,
      0,
      83,
      25
    ],
    [
      36,
      0,
      13,
      9,
      0
    ],
    [
      91,
      74,
      10,
      84,
      7
    ],
    [
      7,
      32,
      1,
      9,
      22
    ]
  ],
  "label_order": [
    "Implicit Negative",
    "Implicit Positive",
    "Negative",
    "Neutral",
    "Positive"
  ]
}